date,state,vehicle_category,ev_sales_count,year,month
2022-01-01,Maharashtra,2W,639,2022,1
2022-01-01,Maharashtra,3W,182,2022,1
2022-01-01,Maharashtra,4W,91,2022,1
2022-01-01,Karnataka,2W,1232,2022,1
2022-01-01,Karnataka,3W,352,2022,1
2022-01-01,Karnataka,4W,176,2022,1
2022-01-01,Tamil Nadu,2W,508,2022,1
2022-01-01,Tamil Nadu,3W,145,2022,1
2022-01-01,Tamil Nadu,4W,72,2022,1
2022-01-01,Delhi,2W,628,2022,1
2022-01-01,Delhi,3W,179,2022,1
2022-01-01,Delhi,4W,89,2022,1
2022-01-01,Gujarat,2W,901,2022,1
2022-01-01,Gujarat,3W,257,2022,1
2022-01-01,Gujarat,4W,128,2022,1
2022-01-01,Uttar Pradesh,2W,736,2022,1
2022-01-01,Uttar Pradesh,3W,210,2022,1
2022-01-01,Uttar Pradesh,4W,105,2022,1
2022-01-01,Rajasthan,2W,653,2022,1
2022-01-01,Rajasthan,3W,186,2022,1
2022-01-01,Rajasthan,4W,93,2022,1
2022-01-01,Telangana,2W,787,2022,1
2022-01-01,Telangana,3W,225,2022,1
2022-01-01,Telangana,4W,112,2022,1
2022-01-01,West Bengal,2W,319,2022,1
2022-01-01,West Bengal,3W,91,2022,1
2022-01-01,West Bengal,4W,45,2022,1
2022-01-01,Kerala,2W,972,2022,1
2022-01-01,Kerala,3W,277,2022,1
2022-01-01,Kerala,4W,138,2022,1
2022-02-01,Maharashtra,2W,1564,2022,2
2022-02-01,Maharashtra,3W,447,2022,2
2022-02-01,Maharashtra,4W,223,2022,2
2022-02-01,Karnataka,2W,736,2022,2
2022-02-01,Karnataka,3W,210,2022,2
2022-02-01,Karnataka,4W,105,2022,2
2022-02-01,Tamil Nadu,2W,1222,2022,2
2022-02-01,Tamil Nadu,3W,349,2022,2
2022-02-01,Tamil Nadu,4W,174,2022,2
2022-02-01,Delhi,2W,1114,2022,2
2022-02-01,Delhi,3W,318,2022,2
2022-02-01,Delhi,4W,159,2022,2
2022-02-01,Gujarat,2W,455,2022,2
2022-02-01,Gujarat,3W,130,2022,2
2022-02-01,Gujarat,4W,65,2022,2
2022-02-01,Uttar Pradesh,2W,780,2022,2
2022-02-01,Uttar Pradesh,3W,223,2022,2
2022-02-01,Uttar Pradesh,4W,111,2022,2
2022-02-01,Rajasthan,2W,661,2022,2
2022-02-01,Rajasthan,3W,189,2022,2
2022-02-01,Rajasthan,4W,94,2022,2
2022-02-01,Telangana,2W,1092,2022,2
2022-02-01,Telangana,3W,312,2022,2
2022-02-01,Telangana,4W,156,2022,2
2022-02-01,West Bengal,2W,626,2022,2
2022-02-01,West Bengal,3W,179,2022,2
2022-02-01,West Bengal,4W,89,2022,2
2022-02-01,Kerala,2W,819,2022,2
2022-02-01,Kerala,3W,234,2022,2
2022-02-01,Kerala,4W,117,2022,2
2022-03-01,Maharashtra,2W,1311,2022,3
2022-03-01,Maharashtra,3W,374,2022,3
2022-03-01,Maharashtra,4W,187,2022,3
2022-03-01,Karnataka,2W,1040,2022,3
2022-03-01,Karnataka,3W,297,2022,3
2022-03-01,Karnataka,4W,148,2022,3
2022-03-01,Tamil Nadu,2W,934,2022,3
2022-03-01,Tamil Nadu,3W,266,2022,3
2022-03-01,Tamil Nadu,4W,133,2022,3
2022-03-01,Delhi,2W,622,2022,3
2022-03-01,Delhi,3W,177,2022,3
2022-03-01,Delhi,4W,88,2022,3
2022-03-01,Gujarat,2W,541,2022,3
2022-03-01,Gujarat,3W,154,2022,3
2022-03-01,Gujarat,4W,77,2022,3
2022-03-01,Uttar Pradesh,2W,710,2022,3
2022-03-01,Uttar Pradesh,3W,202,2022,3
2022-03-01,Uttar Pradesh,4W,101,2022,3
2022-03-01,Rajasthan,2W,570,2022,3
2022-03-01,Rajasthan,3W,163,2022,3
2022-03-01,Rajasthan,4W,81,2022,3
2022-03-01,Telangana,2W,687,2022,3
2022-03-01,Telangana,3W,196,2022,3
2022-03-01,Telangana,4W,98,2022,3
2022-03-01,West Bengal,2W,577,2022,3
2022-03-01,West Bengal,3W,164,2022,3
2022-03-01,West Bengal,4W,82,2022,3
2022-03-01,Kerala,2W,817,2022,3
2022-03-01,Kerala,3W,233,2022,3
2022-03-01,Kerala,4W,116,2022,3
2022-04-01,Maharashtra,2W,963,2022,4
2022-04-01,Maharashtra,3W,275,2022,4
2022-04-01,Maharashtra,4W,137,2022,4
2022-04-01,Karnataka,2W,517,2022,4
2022-04-01,Karnataka,3W,147,2022,4
2022-04-01,Karnataka,4W,73,2022,4
2022-04-01,Tamil Nadu,2W,820,2022,4
2022-04-01,Tamil Nadu,3W,234,2022,4
2022-04-01,Tamil Nadu,4W,117,2022,4
2022-04-01,Delhi,2W,1040,2022,4
2022-04-01,Delhi,3W,297,2022,4
2022-04-01,Delhi,4W,148,2022,4
2022-04-01,Gujarat,2W,1013,2022,4
2022-04-01,Gujarat,3W,289,2022,4
2022-04-01,Gujarat,4W,144,2022,4
2022-04-01,Uttar Pradesh,2W,701,2022,4
2022-04-01,Uttar Pradesh,3W,200,2022,4
2022-04-01,Uttar Pradesh,4W,100,2022,4
2022-04-01,Rajasthan,2W,253,2022,4
2022-04-01,Rajasthan,3W,72,2022,4
2022-04-01,Rajasthan,4W,36,2022,4
2022-04-01,Telangana,2W,746,2022,4
2022-04-01,Telangana,3W,213,2022,4
2022-04-01,Telangana,4W,106,2022,4
2022-04-01,West Bengal,2W,443,2022,4
2022-04-01,West Bengal,3W,126,2022,4
2022-04-01,West Bengal,4W,63,2022,4
2022-04-01,Kerala,2W,409,2022,4
2022-04-01,Kerala,3W,117,2022,4
2022-04-01,Kerala,4W,58,2022,4
2022-05-01,Maharashtra,2W,1170,2022,5
2022-05-01,Maharashtra,3W,334,2022,5
2022-05-01,Maharashtra,4W,167,2022,5
2022-05-01,Karnataka,2W,984,2022,5
2022-05-01,Karnataka,3W,281,2022,5
2022-05-01,Karnataka,4W,140,2022,5
2022-05-01,Tamil Nadu,2W,535,2022,5
2022-05-01,Tamil Nadu,3W,153,2022,5
2022-05-01,Tamil Nadu,4W,76,2022,5
2022-05-01,Delhi,2W,1195,2022,5
2022-05-01,Delhi,3W,341,2022,5
2022-05-01,Delhi,4W,170,2022,5
2022-05-01,Gujarat,2W,978,2022,5
2022-05-01,Gujarat,3W,279,2022,5
2022-05-01,Gujarat,4W,139,2022,5
2022-05-01,Uttar Pradesh,2W,322,2022,5
2022-05-01,Uttar Pradesh,3W,92,2022,5
2022-05-01,Uttar Pradesh,4W,46,2022,5
2022-05-01,Rajasthan,2W,620,2022,5
2022-05-01,Rajasthan,3W,177,2022,5
2022-05-01,Rajasthan,4W,88,2022,5
2022-05-01,Telangana,2W,997,2022,5
2022-05-01,Telangana,3W,285,2022,5
2022-05-01,Telangana,4W,142,2022,5
2022-05-01,West Bengal,2W,343,2022,5
2022-05-01,West Bengal,3W,98,2022,5
2022-05-01,West Bengal,4W,49,2022,5
2022-05-01,Kerala,2W,831,2022,5
2022-05-01,Kerala,3W,237,2022,5
2022-05-01,Kerala,4W,118,2022,5
2022-06-01,Maharashtra,2W,752,2022,6
2022-06-01,Maharashtra,3W,215,2022,6
2022-06-01,Maharashtra,4W,107,2022,6
2022-06-01,Karnataka,2W,1108,2022,6
2022-06-01,Karnataka,3W,316,2022,6
2022-06-01,Karnataka,4W,158,2022,6
2022-06-01,Tamil Nadu,2W,1077,2022,6
2022-06-01,Tamil Nadu,3W,307,2022,6
2022-06-01,Tamil Nadu,4W,153,2022,6
2022-06-01,Delhi,2W,569,2022,6
2022-06-01,Delhi,3W,162,2022,6
2022-06-01,Delhi,4W,81,2022,6
2022-06-01,Gujarat,2W,1039,2022,6
2022-06-01,Gujarat,3W,297,2022,6
2022-06-01,Gujarat,4W,148,2022,6
2022-06-01,Uttar Pradesh,2W,382,2022,6
2022-06-01,Uttar Pradesh,3W,109,2022,6
2022-06-01,Uttar Pradesh,4W,54,2022,6
2022-06-01,Rajasthan,2W,602,2022,6
2022-06-01,Rajasthan,3W,172,2022,6
2022-06-01,Rajasthan,4W,86,2022,6
2022-06-01,Telangana,2W,466,2022,6
2022-06-01,Telangana,3W,133,2022,6
2022-06-01,Telangana,4W,66,2022,6
2022-06-01,West Bengal,2W,440,2022,6
2022-06-01,West Bengal,3W,125,2022,6
2022-06-01,West Bengal,4W,62,2022,6
2022-06-01,Kerala,2W,851,2022,6
2022-06-01,Kerala,3W,243,2022,6
2022-06-01,Kerala,4W,121,2022,6
2022-07-01,Maharashtra,2W,1170,2022,7
2022-07-01,Maharashtra,3W,334,2022,7
2022-07-01,Maharashtra,4W,167,2022,7
2022-07-01,Karnataka,2W,751,2022,7
2022-07-01,Karnataka,3W,214,2022,7
2022-07-01,Karnataka,4W,107,2022,7
2022-07-01,Tamil Nadu,2W,1023,2022,7
2022-07-01,Tamil Nadu,3W,292,2022,7
2022-07-01,Tamil Nadu,4W,146,2022,7
2022-07-01,Delhi,2W,606,2022,7
2022-07-01,Delhi,3W,173,2022,7
2022-07-01,Delhi,4W,86,2022,7
2022-07-01,Gujarat,2W,390,2022,7
2022-07-01,Gujarat,3W,111,2022,7
2022-07-01,Gujarat,4W,55,2022,7
2022-07-01,Uttar Pradesh,2W,418,2022,7
2022-07-01,Uttar Pradesh,3W,119,2022,7
2022-07-01,Uttar Pradesh,4W,59,2022,7
2022-07-01,Rajasthan,2W,247,2022,7
2022-07-01,Rajasthan,3W,70,2022,7
2022-07-01,Rajasthan,4W,35,2022,7
2022-07-01,Telangana,2W,619,2022,7
2022-07-01,Telangana,3W,176,2022,7
2022-07-01,Telangana,4W,88,2022,7
2022-07-01,West Bengal,2W,625,2022,7
2022-07-01,West Bengal,3W,178,2022,7
2022-07-01,West Bengal,4W,89,2022,7
2022-07-01,Kerala,2W,975,2022,7
2022-07-01,Kerala,3W,278,2022,7
2022-07-01,Kerala,4W,139,2022,7
2022-08-01,Maharashtra,2W,1163,2022,8
2022-08-01,Maharashtra,3W,332,2022,8
2022-08-01,Maharashtra,4W,166,2022,8
2022-08-01,Karnataka,2W,772,2022,8
2022-08-01,Karnataka,3W,220,2022,8
2022-08-01,Karnataka,4W,110,2022,8
2022-08-01,Tamil Nadu,2W,648,2022,8
2022-08-01,Tamil Nadu,3W,185,2022,8
2022-08-01,Tamil Nadu,4W,92,2022,8
2022-08-01,Delhi,2W,1212,2022,8
2022-08-01,Delhi,3W,346,2022,8
2022-08-01,Delhi,4W,173,2022,8
2022-08-01,Gujarat,2W,722,2022,8
2022-08-01,Gujarat,3W,206,2022,8
2022-08-01,Gujarat,4W,103,2022,8
2022-08-01,Uttar Pradesh,2W,507,2022,8
2022-08-01,Uttar Pradesh,3W,144,2022,8
2022-08-01,Uttar Pradesh,4W,72,2022,8
2022-08-01,Rajasthan,2W,633,2022,8
2022-08-01,Rajasthan,3W,181,2022,8
2022-08-01,Rajasthan,4W,90,2022,8
2022-08-01,Telangana,2W,543,2022,8
2022-08-01,Telangana,3W,155,2022,8
2022-08-01,Telangana,4W,77,2022,8
2022-08-01,West Bengal,2W,419,2022,8
2022-08-01,West Bengal,3W,119,2022,8
2022-08-01,West Bengal,4W,59,2022,8
2022-08-01,Kerala,2W,403,2022,8
2022-08-01,Kerala,3W,115,2022,8
2022-08-01,Kerala,4W,57,2022,8
2022-09-01,Maharashtra,2W,1504,2022,9
2022-09-01,Maharashtra,3W,429,2022,9
2022-09-01,Maharashtra,4W,214,2022,9
2022-09-01,Karnataka,2W,1293,2022,9
2022-09-01,Karnataka,3W,369,2022,9
2022-09-01,Karnataka,4W,184,2022,9
2022-09-01,Tamil Nadu,2W,509,2022,9
2022-09-01,Tamil Nadu,3W,145,2022,9
2022-09-01,Tamil Nadu,4W,72,2022,9
2022-09-01,Delhi,2W,546,2022,9
2022-09-01,Delhi,3W,156,2022,9
2022-09-01,Delhi,4W,78,2022,9
2022-09-01,Gujarat,2W,935,2022,9
2022-09-01,Gujarat,3W,267,2022,9
2022-09-01,Gujarat,4W,133,2022,9
2022-09-01,Uttar Pradesh,2W,286,2022,9
2022-09-01,Uttar Pradesh,3W,81,2022,9
2022-09-01,Uttar Pradesh,4W,40,2022,9
2022-09-01,Rajasthan,2W,653,2022,9
2022-09-01,Rajasthan,3W,186,2022,9
2022-09-01,Rajasthan,4W,93,2022,9
2022-09-01,Telangana,2W,1085,2022,9
2022-09-01,Telangana,3W,310,2022,9
2022-09-01,Telangana,4W,155,2022,9
2022-09-01,West Bengal,2W,499,2022,9
2022-09-01,West Bengal,3W,142,2022,9
2022-09-01,West Bengal,4W,71,2022,9
2022-09-01,Kerala,2W,988,2022,9
2022-09-01,Kerala,3W,282,2022,9
2022-09-01,Kerala,4W,141,2022,9
2022-10-01,Maharashtra,2W,902,2022,10
2022-10-01,Maharashtra,3W,257,2022,10
2022-10-01,Maharashtra,4W,128,2022,10
2022-10-01,Karnataka,2W,1200,2022,10
2022-10-01,Karnataka,3W,342,2022,10
2022-10-01,Karnataka,4W,171,2022,10
2022-10-01,Tamil Nadu,2W,1410,2022,10
2022-10-01,Tamil Nadu,3W,402,2022,10
2022-10-01,Tamil Nadu,4W,201,2022,10
2022-10-01,Delhi,2W,655,2022,10
2022-10-01,Delhi,3W,187,2022,10
2022-10-01,Delhi,4W,93,2022,10
2022-10-01,Gujarat,2W,1137,2022,10
2022-10-01,Gujarat,3W,324,2022,10
2022-10-01,Gujarat,4W,162,2022,10
2022-10-01,Uttar Pradesh,2W,770,2022,10
2022-10-01,Uttar Pradesh,3W,220,2022,10
2022-10-01,Uttar Pradesh,4W,110,2022,10
2022-10-01,Rajasthan,2W,329,2022,10
2022-10-01,Rajasthan,3W,94,2022,10
2022-10-01,Rajasthan,4W,47,2022,10
2022-10-01,Telangana,2W,474,2022,10
2022-10-01,Telangana,3W,135,2022,10
2022-10-01,Telangana,4W,67,2022,10
2022-10-01,West Bengal,2W,535,2022,10
2022-10-01,West Bengal,3W,153,2022,10
2022-10-01,West Bengal,4W,76,2022,10
2022-10-01,Kerala,2W,631,2022,10
2022-10-01,Kerala,3W,180,2022,10
2022-10-01,Kerala,4W,90,2022,10
2022-11-01,Maharashtra,2W,1721,2022,11
2022-11-01,Maharashtra,3W,491,2022,11
2022-11-01,Maharashtra,4W,245,2022,11
2022-11-01,Karnataka,2W,675,2022,11
2022-11-01,Karnataka,3W,193,2022,11
2022-11-01,Karnataka,4W,96,2022,11
2022-11-01,Tamil Nadu,2W,510,2022,11
2022-11-01,Tamil Nadu,3W,145,2022,11
2022-11-01,Tamil Nadu,4W,72,2022,11
2022-11-01,Delhi,2W,871,2022,11
2022-11-01,Delhi,3W,248,2022,11
2022-11-01,Delhi,4W,124,2022,11
2022-11-01,Gujarat,2W,899,2022,11
2022-11-01,Gujarat,3W,257,2022,11
2022-11-01,Gujarat,4W,128,2022,11
2022-11-01,Uttar Pradesh,2W,489,2022,11
2022-11-01,Uttar Pradesh,3W,139,2022,11
2022-11-01,Uttar Pradesh,4W,69,2022,11
2022-11-01,Rajasthan,2W,603,2022,11
2022-11-01,Rajasthan,3W,172,2022,11
2022-11-01,Rajasthan,4W,86,2022,11
2022-11-01,Telangana,2W,1057,2022,11
2022-11-01,Telangana,3W,302,2022,11
2022-11-01,Telangana,4W,151,2022,11
2022-11-01,West Bengal,2W,663,2022,11
2022-11-01,West Bengal,3W,189,2022,11
2022-11-01,West Bengal,4W,94,2022,11
2022-11-01,Kerala,2W,692,2022,11
2022-11-01,Kerala,3W,197,2022,11
2022-11-01,Kerala,4W,98,2022,11
2022-12-01,Maharashtra,2W,1510,2022,12
2022-12-01,Maharashtra,3W,431,2022,12
2022-12-01,Maharashtra,4W,215,2022,12
2022-12-01,Karnataka,2W,1127,2022,12
2022-12-01,Karnataka,3W,322,2022,12
2022-12-01,Karnataka,4W,161,2022,12
2022-12-01,Tamil Nadu,2W,1181,2022,12
2022-12-01,Tamil Nadu,3W,337,2022,12
2022-12-01,Tamil Nadu,4W,168,2022,12
2022-12-01,Delhi,2W,930,2022,12
2022-12-01,Delhi,3W,266,2022,12
2022-12-01,Delhi,4W,133,2022,12
2022-12-01,Gujarat,2W,446,2022,12
2022-12-01,Gujarat,3W,127,2022,12
2022-12-01,Gujarat,4W,63,2022,12
2022-12-01,Uttar Pradesh,2W,807,2022,12
2022-12-01,Uttar Pradesh,3W,230,2022,12
2022-12-01,Uttar Pradesh,4W,115,2022,12
2022-12-01,Rajasthan,2W,334,2022,12
2022-12-01,Rajasthan,3W,95,2022,12
2022-12-01,Rajasthan,4W,47,2022,12
2022-12-01,Telangana,2W,1148,2022,12
2022-12-01,Telangana,3W,328,2022,12
2022-12-01,Telangana,4W,164,2022,12
2022-12-01,West Bengal,2W,554,2022,12
2022-12-01,West Bengal,3W,158,2022,12
2022-12-01,West Bengal,4W,79,2022,12
2022-12-01,Kerala,2W,562,2022,12
2022-12-01,Kerala,3W,160,2022,12
2022-12-01,Kerala,4W,80,2022,12
2023-01-01,Maharashtra,2W,2175,2023,1
2023-01-01,Maharashtra,3W,621,2023,1
2023-01-01,Maharashtra,4W,310,2023,1
2023-01-01,Karnataka,2W,844,2023,1
2023-01-01,Karnataka,3W,241,2023,1
2023-01-01,Karnataka,4W,120,2023,1
2023-01-01,Tamil Nadu,2W,1428,2023,1
2023-01-01,Tamil Nadu,3W,408,2023,1
2023-01-01,Tamil Nadu,4W,204,2023,1
2023-01-01,Delhi,2W,1697,2023,1
2023-01-01,Delhi,3W,485,2023,1
2023-01-01,Delhi,4W,242,2023,1
2023-01-01,Gujarat,2W,1336,2023,1
2023-01-01,Gujarat,3W,381,2023,1
2023-01-01,Gujarat,4W,190,2023,1
2023-01-01,Uttar Pradesh,2W,1230,2023,1
2023-01-01,Uttar Pradesh,3W,351,2023,1
2023-01-01,Uttar Pradesh,4W,175,2023,1
2023-01-01,Rajasthan,2W,1046,2023,1
2023-01-01,Rajasthan,3W,299,2023,1
2023-01-01,Rajasthan,4W,149,2023,1
2023-01-01,Telangana,2W,885,2023,1
2023-01-01,Telangana,3W,253,2023,1
2023-01-01,Telangana,4W,126,2023,1
2023-01-01,West Bengal,2W,658,2023,1
2023-01-01,West Bengal,3W,188,2023,1
2023-01-01,West Bengal,4W,94,2023,1
2023-01-01,Kerala,2W,718,2023,1
2023-01-01,Kerala,3W,205,2023,1
2023-01-01,Kerala,4W,102,2023,1
2023-02-01,Maharashtra,2W,1031,2023,2
2023-02-01,Maharashtra,3W,294,2023,2
2023-02-01,Maharashtra,4W,147,2023,2
2023-02-01,Karnataka,2W,1820,2023,2
2023-02-01,Karnataka,3W,520,2023,2
2023-02-01,Karnataka,4W,260,2023,2
2023-02-01,Tamil Nadu,2W,1157,2023,2
2023-02-01,Tamil Nadu,3W,330,2023,2
2023-02-01,Tamil Nadu,4W,165,2023,2
2023-02-01,Delhi,2W,1112,2023,2
2023-02-01,Delhi,3W,317,2023,2
2023-02-01,Delhi,4W,158,2023,2
2023-02-01,Gujarat,2W,1161,2023,2
2023-02-01,Gujarat,3W,331,2023,2
2023-02-01,Gujarat,4W,165,2023,2
2023-02-01,Uttar Pradesh,2W,775,2023,2
2023-02-01,Uttar Pradesh,3W,221,2023,2
2023-02-01,Uttar Pradesh,4W,110,2023,2
2023-02-01,Rajasthan,2W,1062,2023,2
2023-02-01,Rajasthan,3W,303,2023,2
2023-02-01,Rajasthan,4W,151,2023,2
2023-02-01,Telangana,2W,992,2023,2
2023-02-01,Telangana,3W,283,2023,2
2023-02-01,Telangana,4W,141,2023,2
2023-02-01,West Bengal,2W,653,2023,2
2023-02-01,West Bengal,3W,186,2023,2
2023-02-01,West Bengal,4W,93,2023,2
2023-02-01,Kerala,2W,1549,2023,2
2023-02-01,Kerala,3W,442,2023,2
2023-02-01,Kerala,4W,221,2023,2
2023-03-01,Maharashtra,2W,1382,2023,3
2023-03-01,Maharashtra,3W,395,2023,3
2023-03-01,Maharashtra,4W,197,2023,3
2023-03-01,Karnataka,2W,1463,2023,3
2023-03-01,Karnataka,3W,418,2023,3
2023-03-01,Karnataka,4W,209,2023,3
2023-03-01,Tamil Nadu,2W,1029,2023,3
2023-03-01,Tamil Nadu,3W,294,2023,3
2023-03-01,Tamil Nadu,4W,147,2023,3
2023-03-01,Delhi,2W,1228,2023,3
2023-03-01,Delhi,3W,351,2023,3
2023-03-01,Delhi,4W,175,2023,3
2023-03-01,Gujarat,2W,1157,2023,3
2023-03-01,Gujarat,3W,330,2023,3
2023-03-01,Gujarat,4W,165,2023,3
2023-03-01,Uttar Pradesh,2W,913,2023,3
2023-03-01,Uttar Pradesh,3W,260,2023,3
2023-03-01,Uttar Pradesh,4W,130,2023,3
2023-03-01,Rajasthan,2W,1070,2023,3
2023-03-01,Rajasthan,3W,305,2023,3
2023-03-01,Rajasthan,4W,152,2023,3
2023-03-01,Telangana,2W,996,2023,3
2023-03-01,Telangana,3W,284,2023,3
2023-03-01,Telangana,4W,142,2023,3
2023-03-01,West Bengal,2W,452,2023,3
2023-03-01,West Bengal,3W,129,2023,3
2023-03-01,West Bengal,4W,64,2023,3
2023-03-01,Kerala,2W,752,2023,3
2023-03-01,Kerala,3W,215,2023,3
2023-03-01,Kerala,4W,107,2023,3
2023-04-01,Maharashtra,2W,2000,2023,4
2023-04-01,Maharashtra,3W,571,2023,4
2023-04-01,Maharashtra,4W,285,2023,4
2023-04-01,Karnataka,2W,1868,2023,4
2023-04-01,Karnataka,3W,533,2023,4
2023-04-01,Karnataka,4W,266,2023,4
2023-04-01,Tamil Nadu,2W,1551,2023,4
2023-04-01,Tamil Nadu,3W,443,2023,4
2023-04-01,Tamil Nadu,4W,221,2023,4
2023-04-01,Delhi,2W,1153,2023,4
2023-04-01,Delhi,3W,329,2023,4
2023-04-01,Delhi,4W,164,2023,4
2023-04-01,Gujarat,2W,1705,2023,4
2023-04-01,Gujarat,3W,487,2023,4
2023-04-01,Gujarat,4W,243,2023,4
2023-04-01,Uttar Pradesh,2W,1166,2023,4
2023-04-01,Uttar Pradesh,3W,333,2023,4
2023-04-01,Uttar Pradesh,4W,166,2023,4
2023-04-01,Rajasthan,2W,761,2023,4
2023-04-01,Rajasthan,3W,217,2023,4
2023-04-01,Rajasthan,4W,108,2023,4
2023-04-01,Telangana,2W,1195,2023,4
2023-04-01,Telangana,3W,341,2023,4
2023-04-01,Telangana,4W,170,2023,4
2023-04-01,West Bengal,2W,911,2023,4
2023-04-01,West Bengal,3W,260,2023,4
2023-04-01,West Bengal,4W,130,2023,4
2023-04-01,Kerala,2W,1541,2023,4
2023-04-01,Kerala,3W,440,2023,4
2023-04-01,Kerala,4W,220,2023,4
2023-05-01,Maharashtra,2W,1239,2023,5
2023-05-01,Maharashtra,3W,354,2023,5
2023-05-01,Maharashtra,4W,177,2023,5
2023-05-01,Karnataka,2W,1277,2023,5
2023-05-01,Karnataka,3W,365,2023,5
2023-05-01,Karnataka,4W,182,2023,5
2023-05-01,Tamil Nadu,2W,771,2023,5
2023-05-01,Tamil Nadu,3W,220,2023,5
2023-05-01,Tamil Nadu,4W,110,2023,5
2023-05-01,Delhi,2W,1417,2023,5
2023-05-01,Delhi,3W,404,2023,5
2023-05-01,Delhi,4W,202,2023,5
2023-05-01,Gujarat,2W,1314,2023,5
2023-05-01,Gujarat,3W,375,2023,5
2023-05-01,Gujarat,4W,187,2023,5
2023-05-01,Uttar Pradesh,2W,977,2023,5
2023-05-01,Uttar Pradesh,3W,279,2023,5
2023-05-01,Uttar Pradesh,4W,139,2023,5
2023-05-01,Rajasthan,2W,466,2023,5
2023-05-01,Rajasthan,3W,133,2023,5
2023-05-01,Rajasthan,4W,66,2023,5
2023-05-01,Telangana,2W,1377,2023,5
2023-05-01,Telangana,3W,393,2023,5
2023-05-01,Telangana,4W,196,2023,5
2023-05-01,West Bengal,2W,805,2023,5
2023-05-01,West Bengal,3W,230,2023,5
2023-05-01,West Bengal,4W,115,2023,5
2023-05-01,Kerala,2W,1031,2023,5
2023-05-01,Kerala,3W,294,2023,5
2023-05-01,Kerala,4W,147,2023,5
2023-06-01,Maharashtra,2W,2315,2023,6
2023-06-01,Maharashtra,3W,661,2023,6
2023-06-01,Maharashtra,4W,330,2023,6
2023-06-01,Karnataka,2W,1939,2023,6
2023-06-01,Karnataka,3W,554,2023,6
2023-06-01,Karnataka,4W,277,2023,6
2023-06-01,Tamil Nadu,2W,1047,2023,6
2023-06-01,Tamil Nadu,3W,299,2023,6
2023-06-01,Tamil Nadu,4W,149,2023,6
2023-06-01,Delhi,2W,848,2023,6
2023-06-01,Delhi,3W,242,2023,6
2023-06-01,Delhi,4W,121,2023,6
2023-06-01,Gujarat,2W,1045,2023,6
2023-06-01,Gujarat,3W,298,2023,6
2023-06-01,Gujarat,4W,149,2023,6
2023-06-01,Uttar Pradesh,2W,495,2023,6
2023-06-01,Uttar Pradesh,3W,141,2023,6
2023-06-01,Uttar Pradesh,4W,70,2023,6
2023-06-01,Rajasthan,2W,713,2023,6
2023-06-01,Rajasthan,3W,203,2023,6
2023-06-01,Rajasthan,4W,101,2023,6
2023-06-01,Telangana,2W,738,2023,6
2023-06-01,Telangana,3W,210,2023,6
2023-06-01,Telangana,4W,105,2023,6
2023-06-01,West Bengal,2W,489,2023,6
2023-06-01,West Bengal,3W,139,2023,6
2023-06-01,West Bengal,4W,69,2023,6
2023-06-01,Kerala,2W,1473,2023,6
2023-06-01,Kerala,3W,420,2023,6
2023-06-01,Kerala,4W,210,2023,6
2023-07-01,Maharashtra,2W,1289,2023,7
2023-07-01,Maharashtra,3W,368,2023,7
2023-07-01,Maharashtra,4W,184,2023,7
2023-07-01,Karnataka,2W,1336,2023,7
2023-07-01,Karnataka,3W,381,2023,7
2023-07-01,Karnataka,4W,190,2023,7
2023-07-01,Tamil Nadu,2W,994,2023,7
2023-07-01,Tamil Nadu,3W,284,2023,7
2023-07-01,Tamil Nadu,4W,142,2023,7
2023-07-01,Delhi,2W,808,2023,7
2023-07-01,Delhi,3W,231,2023,7
2023-07-01,Delhi,4W,115,2023,7
2023-07-01,Gujarat,2W,1540,2023,7
2023-07-01,Gujarat,3W,440,2023,7
2023-07-01,Gujarat,4W,220,2023,7
2023-07-01,Uttar Pradesh,2W,494,2023,7
2023-07-01,Uttar Pradesh,3W,141,2023,7
2023-07-01,Uttar Pradesh,4W,70,2023,7
2023-07-01,Rajasthan,2W,729,2023,7
2023-07-01,Rajasthan,3W,208,2023,7
2023-07-01,Rajasthan,4W,104,2023,7
2023-07-01,Telangana,2W,727,2023,7
2023-07-01,Telangana,3W,207,2023,7
2023-07-01,Telangana,4W,103,2023,7
2023-07-01,West Bengal,2W,762,2023,7
2023-07-01,West Bengal,3W,217,2023,7
2023-07-01,West Bengal,4W,108,2023,7
2023-07-01,Kerala,2W,974,2023,7
2023-07-01,Kerala,3W,278,2023,7
2023-07-01,Kerala,4W,139,2023,7
2023-08-01,Maharashtra,2W,1236,2023,8
2023-08-01,Maharashtra,3W,353,2023,8
2023-08-01,Maharashtra,4W,176,2023,8
2023-08-01,Karnataka,2W,784,2023,8
2023-08-01,Karnataka,3W,224,2023,8
2023-08-01,Karnataka,4W,112,2023,8
2023-08-01,Tamil Nadu,2W,1036,2023,8
2023-08-01,Tamil Nadu,3W,296,2023,8
2023-08-01,Tamil Nadu,4W,148,2023,8
2023-08-01,Delhi,2W,1777,2023,8
2023-08-01,Delhi,3W,507,2023,8
2023-08-01,Delhi,4W,253,2023,8
2023-08-01,Gujarat,2W,1099,2023,8
2023-08-01,Gujarat,3W,314,2023,8
2023-08-01,Gujarat,4W,157,2023,8
2023-08-01,Uttar Pradesh,2W,1181,2023,8
2023-08-01,Uttar Pradesh,3W,337,2023,8
2023-08-01,Uttar Pradesh,4W,168,2023,8
2023-08-01,Rajasthan,2W,755,2023,8
2023-08-01,Rajasthan,3W,215,2023,8
2023-08-01,Rajasthan,4W,107,2023,8
2023-08-01,Telangana,2W,1196,2023,8
2023-08-01,Telangana,3W,341,2023,8
2023-08-01,Telangana,4W,170,2023,8
2023-08-01,West Bengal,2W,590,2023,8
2023-08-01,West Bengal,3W,168,2023,8
2023-08-01,West Bengal,4W,84,2023,8
2023-08-01,Kerala,2W,1556,2023,8
2023-08-01,Kerala,3W,444,2023,8
2023-08-01,Kerala,4W,222,2023,8
2023-09-01,Maharashtra,2W,2000,2023,9
2023-09-01,Maharashtra,3W,571,2023,9
2023-09-01,Maharashtra,4W,285,2023,9
2023-09-01,Karnataka,2W,1414,2023,9
2023-09-01,Karnataka,3W,404,2023,9
2023-09-01,Karnataka,4W,202,2023,9
2023-09-01,Tamil Nadu,2W,1636,2023,9
2023-09-01,Tamil Nadu,3W,467,2023,9
2023-09-01,Tamil Nadu,4W,233,2023,9
2023-09-01,Delhi,2W,882,2023,9
2023-09-01,Delhi,3W,252,2023,9
2023-09-01,Delhi,4W,126,2023,9
2023-09-01,Gujarat,2W,1479,2023,9
2023-09-01,Gujarat,3W,422,2023,9
2023-09-01,Gujarat,4W,211,2023,9
2023-09-01,Uttar Pradesh,2W,489,2023,9
2023-09-01,Uttar Pradesh,3W,139,2023,9
2023-09-01,Uttar Pradesh,4W,69,2023,9
2023-09-01,Rajasthan,2W,948,2023,9
2023-09-01,Rajasthan,3W,270,2023,9
2023-09-01,Rajasthan,4W,135,2023,9
2023-09-01,Telangana,2W,1391,2023,9
2023-09-01,Telangana,3W,397,2023,9
2023-09-01,Telangana,4W,198,2023,9
2023-09-01,West Bengal,2W,791,2023,9
2023-09-01,West Bengal,3W,226,2023,9
2023-09-01,West Bengal,4W,113,2023,9
2023-09-01,Kerala,2W,1338,2023,9
2023-09-01,Kerala,3W,382,2023,9
2023-09-01,Kerala,4W,191,2023,9
2023-10-01,Maharashtra,2W,2723,2023,10
2023-10-01,Maharashtra,3W,778,2023,10
2023-10-01,Maharashtra,4W,389,2023,10
2023-10-01,Karnataka,2W,1122,2023,10
2023-10-01,Karnataka,3W,320,2023,10
2023-10-01,Karnataka,4W,160,2023,10
2023-10-01,Tamil Nadu,2W,1622,2023,10
2023-10-01,Tamil Nadu,3W,463,2023,10
2023-10-01,Tamil Nadu,4W,231,2023,10
2023-10-01,Delhi,2W,2208,2023,10
2023-10-01,Delhi,3W,631,2023,10
2023-10-01,Delhi,4W,315,2023,10
2023-10-01,Gujarat,2W,834,2023,10
2023-10-01,Gujarat,3W,238,2023,10
2023-10-01,Gujarat,4W,119,2023,10
2023-10-01,Uttar Pradesh,2W,631,2023,10
2023-10-01,Uttar Pradesh,3W,180,2023,10
2023-10-01,Uttar Pradesh,4W,90,2023,10
2023-10-01,Rajasthan,2W,1319,2023,10
2023-10-01,Rajasthan,3W,376,2023,10
2023-10-01,Rajasthan,4W,188,2023,10
2023-10-01,Telangana,2W,1677,2023,10
2023-10-01,Telangana,3W,479,2023,10
2023-10-01,Telangana,4W,239,2023,10
2023-10-01,West Bengal,2W,822,2023,10
2023-10-01,West Bengal,3W,235,2023,10
2023-10-01,West Bengal,4W,117,2023,10
2023-10-01,Kerala,2W,1859,2023,10
2023-10-01,Kerala,3W,531,2023,10
2023-10-01,Kerala,4W,265,2023,10
2023-11-01,Maharashtra,2W,1580,2023,11
2023-11-01,Maharashtra,3W,451,2023,11
2023-11-01,Maharashtra,4W,225,2023,11
2023-11-01,Karnataka,2W,1626,2023,11
2023-11-01,Karnataka,3W,464,2023,11
2023-11-01,Karnataka,4W,232,2023,11
2023-11-01,Tamil Nadu,2W,925,2023,11
2023-11-01,Tamil Nadu,3W,264,2023,11
2023-11-01,Tamil Nadu,4W,132,2023,11
2023-11-01,Delhi,2W,1501,2023,11
2023-11-01,Delhi,3W,428,2023,11
2023-11-01,Delhi,4W,214,2023,11
2023-11-01,Gujarat,2W,817,2023,11
2023-11-01,Gujarat,3W,233,2023,11
2023-11-01,Gujarat,4W,116,2023,11
2023-11-01,Uttar Pradesh,2W,964,2023,11
2023-11-01,Uttar Pradesh,3W,275,2023,11
2023-11-01,Uttar Pradesh,4W,137,2023,11
2023-11-01,Rajasthan,2W,1159,2023,11
2023-11-01,Rajasthan,3W,331,2023,11
2023-11-01,Rajasthan,4W,165,2023,11
2023-11-01,Telangana,2W,772,2023,11
2023-11-01,Telangana,3W,220,2023,11
2023-11-01,Telangana,4W,110,2023,11
2023-11-01,West Bengal,2W,567,2023,11
2023-11-01,West Bengal,3W,162,2023,11
2023-11-01,West Bengal,4W,81,2023,11
2023-11-01,Kerala,2W,700,2023,11
2023-11-01,Kerala,3W,200,2023,11
2023-11-01,Kerala,4W,100,2023,11
2023-12-01,Maharashtra,2W,1897,2023,12
2023-12-01,Maharashtra,3W,542,2023,12
2023-12-01,Maharashtra,4W,271,2023,12
2023-12-01,Karnataka,2W,922,2023,12
2023-12-01,Karnataka,3W,263,2023,12
2023-12-01,Karnataka,4W,131,2023,12
2023-12-01,Tamil Nadu,2W,1229,2023,12
2023-12-01,Tamil Nadu,3W,351,2023,12
2023-12-01,Tamil Nadu,4W,175,2023,12
2023-12-01,Delhi,2W,1699,2023,12
2023-12-01,Delhi,3W,485,2023,12
2023-12-01,Delhi,4W,242,2023,12
2023-12-01,Gujarat,2W,1470,2023,12
2023-12-01,Gujarat,3W,420,2023,12
2023-12-01,Gujarat,4W,210,2023,12
2023-12-01,Uttar Pradesh,2W,1086,2023,12
2023-12-01,Uttar Pradesh,3W,310,2023,12
2023-12-01,Uttar Pradesh,4W,155,2023,12
2023-12-01,Rajasthan,2W,762,2023,12
2023-12-01,Rajasthan,3W,217,2023,12
2023-12-01,Rajasthan,4W,108,2023,12
2023-12-01,Telangana,2W,621,2023,12
2023-12-01,Telangana,3W,177,2023,12
2023-12-01,Telangana,4W,88,2023,12
2023-12-01,West Bengal,2W,705,2023,12
2023-12-01,West Bengal,3W,201,2023,12
2023-12-01,West Bengal,4W,100,2023,12
2023-12-01,Kerala,2W,714,2023,12
2023-12-01,Kerala,3W,204,2023,12
2023-12-01,Kerala,4W,102,2023,12
2024-01-01,Maharashtra,2W,1372,2024,1
2024-01-01,Maharashtra,3W,392,2024,1
2024-01-01,Maharashtra,4W,196,2024,1
2024-01-01,Karnataka,2W,2018,2024,1
2024-01-01,Karnataka,3W,576,2024,1
2024-01-01,Karnataka,4W,288,2024,1
2024-01-01,Tamil Nadu,2W,975,2024,1
2024-01-01,Tamil Nadu,3W,278,2024,1
2024-01-01,Tamil Nadu,4W,139,2024,1
2024-01-01,Delhi,2W,3296,2024,1
2024-01-01,Delhi,3W,941,2024,1
2024-01-01,Delhi,4W,470,2024,1
2024-01-01,Gujarat,2W,1633,2024,1
2024-01-01,Gujarat,3W,466,2024,1
2024-01-01,Gujarat,4W,233,2024,1
2024-01-01,Uttar Pradesh,2W,1418,2024,1
2024-01-01,Uttar Pradesh,3W,405,2024,1
2024-01-01,Uttar Pradesh,4W,202,2024,1
2024-01-01,Rajasthan,2W,1259,2024,1
2024-01-01,Rajasthan,3W,359,2024,1
2024-01-01,Rajasthan,4W,179,2024,1
2024-01-01,Telangana,2W,2351,2024,1
2024-01-01,Telangana,3W,671,2024,1
2024-01-01,Telangana,4W,335,2024,1
2024-01-01,West Bengal,2W,1260,2024,1
2024-01-01,West Bengal,3W,360,2024,1
2024-01-01,West Bengal,4W,180,2024,1
2024-01-01,Kerala,2W,1280,2024,1
2024-01-01,Kerala,3W,365,2024,1
2024-01-01,Kerala,4W,182,2024,1
2024-02-01,Maharashtra,2W,1819,2024,2
2024-02-01,Maharashtra,3W,519,2024,2
2024-02-01,Maharashtra,4W,259,2024,2
2024-02-01,Karnataka,2W,2528,2024,2
2024-02-01,Karnataka,3W,722,2024,2
2024-02-01,Karnataka,4W,361,2024,2
2024-02-01,Tamil Nadu,2W,1604,2024,2
2024-02-01,Tamil Nadu,3W,458,2024,2
2024-02-01,Tamil Nadu,4W,229,2024,2
2024-02-01,Delhi,2W,2864,2024,2
2024-02-01,Delhi,3W,818,2024,2
2024-02-01,Delhi,4W,409,2024,2
2024-02-01,Gujarat,2W,1857,2024,2
2024-02-01,Gujarat,3W,530,2024,2
2024-02-01,Gujarat,4W,265,2024,2
2024-02-01,Uttar Pradesh,2W,1074,2024,2
2024-02-01,Uttar Pradesh,3W,307,2024,2
2024-02-01,Uttar Pradesh,4W,153,2024,2
2024-02-01,Rajasthan,2W,852,2024,2
2024-02-01,Rajasthan,3W,243,2024,2
2024-02-01,Rajasthan,4W,121,2024,2
2024-02-01,Telangana,2W,2238,2024,2
2024-02-01,Telangana,3W,639,2024,2
2024-02-01,Telangana,4W,319,2024,2
2024-02-01,West Bengal,2W,495,2024,2
2024-02-01,West Bengal,3W,141,2024,2
2024-02-01,West Bengal,4W,70,2024,2
2024-02-01,Kerala,2W,1066,2024,2
2024-02-01,Kerala,3W,304,2024,2
2024-02-01,Kerala,4W,152,2024,2
2024-03-01,Maharashtra,2W,2407,2024,3
2024-03-01,Maharashtra,3W,687,2024,3
2024-03-01,Maharashtra,4W,343,2024,3
2024-03-01,Karnataka,2W,2016,2024,3
2024-03-01,Karnataka,3W,576,2024,3
2024-03-01,Karnataka,4W,288,2024,3
2024-03-01,Tamil Nadu,2W,1933,2024,3
2024-03-01,Tamil Nadu,3W,552,2024,3
2024-03-01,Tamil Nadu,4W,276,2024,3
2024-03-01,Delhi,2W,1572,2024,3
2024-03-01,Delhi,3W,449,2024,3
2024-03-01,Delhi,4W,224,2024,3
2024-03-01,Gujarat,2W,1616,2024,3
2024-03-01,Gujarat,3W,461,2024,3
2024-03-01,Gujarat,4W,230,2024,3
2024-03-01,Uttar Pradesh,2W,1829,2024,3
2024-03-01,Uttar Pradesh,3W,522,2024,3
2024-03-01,Uttar Pradesh,4W,261,2024,3
2024-03-01,Rajasthan,2W,673,2024,3
2024-03-01,Rajasthan,3W,192,2024,3
2024-03-01,Rajasthan,4W,96,2024,3
2024-03-01,Telangana,2W,1815,2024,3
2024-03-01,Telangana,3W,518,2024,3
2024-03-01,Telangana,4W,259,2024,3
2024-03-01,West Bengal,2W,977,2024,3
2024-03-01,West Bengal,3W,279,2024,3
2024-03-01,West Bengal,4W,139,2024,3
2024-03-01,Kerala,2W,1108,2024,3
2024-03-01,Kerala,3W,316,2024,3
2024-03-01,Kerala,4W,158,2024,3
2024-04-01,Maharashtra,2W,2312,2024,4
2024-04-01,Maharashtra,3W,660,2024,4
2024-04-01,Maharashtra,4W,330,2024,4
2024-04-01,Karnataka,2W,2145,2024,4
2024-04-01,Karnataka,3W,613,2024,4
2024-04-01,Karnataka,4W,306,2024,4
2024-04-01,Tamil Nadu,2W,2313,2024,4
2024-04-01,Tamil Nadu,3W,660,2024,4
2024-04-01,Tamil Nadu,4W,330,2024,4
2024-04-01,Delhi,2W,2374,2024,4
2024-04-01,Delhi,3W,678,2024,4
2024-04-01,Delhi,4W,339,2024,4
2024-04-01,Gujarat,2W,1432,2024,4
2024-04-01,Gujarat,3W,409,2024,4
2024-04-01,Gujarat,4W,204,2024,4
2024-04-01,Uttar Pradesh,2W,1669,2024,4
2024-04-01,Uttar Pradesh,3W,477,2024,4
2024-04-01,Uttar Pradesh,4W,238,2024,4
2024-04-01,Rajasthan,2W,619,2024,4
2024-04-01,Rajasthan,3W,177,2024,4
2024-04-01,Rajasthan,4W,88,2024,4
2024-04-01,Telangana,2W,2525,2024,4
2024-04-01,Telangana,3W,721,2024,4
2024-04-01,Telangana,4W,360,2024,4
2024-04-01,West Bengal,2W,1336,2024,4
2024-04-01,West Bengal,3W,381,2024,4
2024-04-01,West Bengal,4W,190,2024,4
2024-04-01,Kerala,2W,2132,2024,4
2024-04-01,Kerala,3W,609,2024,4
2024-04-01,Kerala,4W,304,2024,4
2024-05-01,Maharashtra,2W,3397,2024,5
2024-05-01,Maharashtra,3W,970,2024,5
2024-05-01,Maharashtra,4W,485,2024,5
2024-05-01,Karnataka,2W,2080,2024,5
2024-05-01,Karnataka,3W,594,2024,5
2024-05-01,Karnataka,4W,297,2024,5
2024-05-01,Tamil Nadu,2W,1693,2024,5
2024-05-01,Tamil Nadu,3W,483,2024,5
2024-05-01,Tamil Nadu,4W,241,2024,5
2024-05-01,Delhi,2W,1237,2024,5
2024-05-01,Delhi,3W,353,2024,5
2024-05-01,Delhi,4W,176,2024,5
2024-05-01,Gujarat,2W,2077,2024,5
2024-05-01,Gujarat,3W,593,2024,5
2024-05-01,Gujarat,4W,296,2024,5
2024-05-01,Uttar Pradesh,2W,1557,2024,5
2024-05-01,Uttar Pradesh,3W,444,2024,5
2024-05-01,Uttar Pradesh,4W,222,2024,5
2024-05-01,Rajasthan,2W,820,2024,5
2024-05-01,Rajasthan,3W,234,2024,5
2024-05-01,Rajasthan,4W,117,2024,5
2024-05-01,Telangana,2W,1744,2024,5
2024-05-01,Telangana,3W,498,2024,5
2024-05-01,Telangana,4W,249,2024,5
2024-05-01,West Bengal,2W,1079,2024,5
2024-05-01,West Bengal,3W,308,2024,5
2024-05-01,West Bengal,4W,154,2024,5
2024-05-01,Kerala,2W,1924,2024,5
2024-05-01,Kerala,3W,549,2024,5
2024-05-01,Kerala,4W,274,2024,5
2024-06-01,Maharashtra,2W,1767,2024,6
2024-06-01,Maharashtra,3W,504,2024,6
2024-06-01,Maharashtra,4W,252,2024,6
2024-06-01,Karnataka,2W,2280,2024,6
2024-06-01,Karnataka,3W,651,2024,6
2024-06-01,Karnataka,4W,325,2024,6
2024-06-01,Tamil Nadu,2W,1428,2024,6
2024-06-01,Tamil Nadu,3W,408,2024,6
2024-06-01,Tamil Nadu,4W,204,2024,6
2024-06-01,Delhi,2W,1876,2024,6
2024-06-01,Delhi,3W,536,2024,6
2024-06-01,Delhi,4W,268,2024,6
2024-06-01,Gujarat,2W,965,2024,6
2024-06-01,Gujarat,3W,275,2024,6
2024-06-01,Gujarat,4W,137,2024,6
2024-06-01,Uttar Pradesh,2W,1427,2024,6
2024-06-01,Uttar Pradesh,3W,407,2024,6
2024-06-01,Uttar Pradesh,4W,203,2024,6
2024-06-01,Rajasthan,2W,1629,2024,6
2024-06-01,Rajasthan,3W,465,2024,6
2024-06-01,Rajasthan,4W,232,2024,6
2024-06-01,Telangana,2W,1625,2024,6
2024-06-01,Telangana,3W,464,2024,6
2024-06-01,Telangana,4W,232,2024,6
2024-06-01,West Bengal,2W,1318,2024,6
2024-06-01,West Bengal,3W,376,2024,6
2024-06-01,West Bengal,4W,188,2024,6
2024-06-01,Kerala,2W,959,2024,6
2024-06-01,Kerala,3W,274,2024,6
2024-06-01,Kerala,4W,137,2024,6
2024-07-01,Maharashtra,2W,1341,2024,7
2024-07-01,Maharashtra,3W,383,2024,7
2024-07-01,Maharashtra,4W,191,2024,7
2024-07-01,Karnataka,2W,1822,2024,7
2024-07-01,Karnataka,3W,520,2024,7
2024-07-01,Karnataka,4W,260,2024,7
2024-07-01,Tamil Nadu,2W,1725,2024,7
2024-07-01,Tamil Nadu,3W,493,2024,7
2024-07-01,Tamil Nadu,4W,246,2024,7
2024-07-01,Delhi,2W,1106,2024,7
2024-07-01,Delhi,3W,316,2024,7
2024-07-01,Delhi,4W,158,2024,7
2024-07-01,Gujarat,2W,1046,2024,7
2024-07-01,Gujarat,3W,298,2024,7
2024-07-01,Gujarat,4W,149,2024,7
2024-07-01,Uttar Pradesh,2W,1713,2024,7
2024-07-01,Uttar Pradesh,3W,489,2024,7
2024-07-01,Uttar Pradesh,4W,244,2024,7
2024-07-01,Rajasthan,2W,1042,2024,7
2024-07-01,Rajasthan,3W,297,2024,7
2024-07-01,Rajasthan,4W,148,2024,7
2024-07-01,Telangana,2W,2084,2024,7
2024-07-01,Telangana,3W,595,2024,7
2024-07-01,Telangana,4W,297,2024,7
2024-07-01,West Bengal,2W,1275,2024,7
2024-07-01,West Bengal,3W,364,2024,7
2024-07-01,West Bengal,4W,182,2024,7
2024-07-01,Kerala,2W,1083,2024,7
2024-07-01,Kerala,3W,309,2024,7
2024-07-01,Kerala,4W,154,2024,7
2024-08-01,Maharashtra,2W,2681,2024,8
2024-08-01,Maharashtra,3W,766,2024,8
2024-08-01,Maharashtra,4W,383,2024,8
2024-08-01,Karnataka,2W,1887,2024,8
2024-08-01,Karnataka,3W,539,2024,8
2024-08-01,Karnataka,4W,269,2024,8
2024-08-01,Tamil Nadu,2W,1504,2024,8
2024-08-01,Tamil Nadu,3W,429,2024,8
2024-08-01,Tamil Nadu,4W,214,2024,8
2024-08-01,Delhi,2W,3258,2024,8
2024-08-01,Delhi,3W,931,2024,8
2024-08-01,Delhi,4W,465,2024,8
2024-08-01,Gujarat,2W,2425,2024,8
2024-08-01,Gujarat,3W,693,2024,8
2024-08-01,Gujarat,4W,346,2024,8
2024-08-01,Uttar Pradesh,2W,1814,2024,8
2024-08-01,Uttar Pradesh,3W,518,2024,8
2024-08-01,Uttar Pradesh,4W,259,2024,8
2024-08-01,Rajasthan,2W,1328,2024,8
2024-08-01,Rajasthan,3W,379,2024,8
2024-08-01,Rajasthan,4W,189,2024,8
2024-08-01,Telangana,2W,1063,2024,8
2024-08-01,Telangana,3W,303,2024,8
2024-08-01,Telangana,4W,151,2024,8
2024-08-01,West Bengal,2W,778,2024,8
2024-08-01,West Bengal,3W,222,2024,8
2024-08-01,West Bengal,4W,111,2024,8
2024-08-01,Kerala,2W,1515,2024,8
2024-08-01,Kerala,3W,432,2024,8
2024-08-01,Kerala,4W,216,2024,8
2024-09-01,Maharashtra,2W,3272,2024,9
2024-09-01,Maharashtra,3W,934,2024,9
2024-09-01,Maharashtra,4W,467,2024,9
2024-09-01,Karnataka,2W,2436,2024,9
2024-09-01,Karnataka,3W,696,2024,9
2024-09-01,Karnataka,4W,348,2024,9
2024-09-01,Tamil Nadu,2W,1374,2024,9
2024-09-01,Tamil Nadu,3W,392,2024,9
2024-09-01,Tamil Nadu,4W,196,2024,9
2024-09-01,Delhi,2W,1889,2024,9
2024-09-01,Delhi,3W,539,2024,9
2024-09-01,Delhi,4W,269,2024,9
2024-09-01,Gujarat,2W,2233,2024,9
2024-09-01,Gujarat,3W,638,2024,9
2024-09-01,Gujarat,4W,319,2024,9
2024-09-01,Uttar Pradesh,2W,1646,2024,9
2024-09-01,Uttar Pradesh,3W,470,2024,9
2024-09-01,Uttar Pradesh,4W,235,2024,9
2024-09-01,Rajasthan,2W,959,2024,9
2024-09-01,Rajasthan,3W,274,2024,9
2024-09-01,Rajasthan,4W,137,2024,9
2024-09-01,Telangana,2W,1554,2024,9
2024-09-01,Telangana,3W,444,2024,9
2024-09-01,Telangana,4W,222,2024,9
2024-09-01,West Bengal,2W,1216,2024,9
2024-09-01,West Bengal,3W,347,2024,9
2024-09-01,West Bengal,4W,173,2024,9
2024-09-01,Kerala,2W,1146,2024,9
2024-09-01,Kerala,3W,327,2024,9
2024-09-01,Kerala,4W,163,2024,9
2024-10-01,Maharashtra,2W,4116,2024,10
2024-10-01,Maharashtra,3W,1176,2024,10
2024-10-01,Maharashtra,4W,588,2024,10
2024-10-01,Karnataka,2W,2157,2024,10
2024-10-01,Karnataka,3W,616,2024,10
2024-10-01,Karnataka,4W,308,2024,10
2024-10-01,Tamil Nadu,2W,1823,2024,10
2024-10-01,Tamil Nadu,3W,520,2024,10
2024-10-01,Tamil Nadu,4W,260,2024,10
2024-10-01,Delhi,2W,3233,2024,10
2024-10-01,Delhi,3W,923,2024,10
2024-10-01,Delhi,4W,461,2024,10
2024-10-01,Gujarat,2W,2403,2024,10
2024-10-01,Gujarat,3W,686,2024,10
2024-10-01,Gujarat,4W,343,2024,10
2024-10-01,Uttar Pradesh,2W,1323,2024,10
2024-10-01,Uttar Pradesh,3W,378,2024,10
2024-10-01,Uttar Pradesh,4W,189,2024,10
2024-10-01,Rajasthan,2W,1841,2024,10
2024-10-01,Rajasthan,3W,526,2024,10
2024-10-01,Rajasthan,4W,263,2024,10
2024-10-01,Telangana,2W,1463,2024,10
2024-10-01,Telangana,3W,418,2024,10
2024-10-01,Telangana,4W,209,2024,10
2024-10-01,West Bengal,2W,572,2024,10
2024-10-01,West Bengal,3W,163,2024,10
2024-10-01,West Bengal,4W,81,2024,10
2024-10-01,Kerala,2W,1440,2024,10
2024-10-01,Kerala,3W,411,2024,10
2024-10-01,Kerala,4W,205,2024,10
2024-11-01,Maharashtra,2W,4068,2024,11
2024-11-01,Maharashtra,3W,1162,2024,11
2024-11-01,Maharashtra,4W,581,2024,11
2024-11-01,Karnataka,2W,1896,2024,11
2024-11-01,Karnataka,3W,541,2024,11
2024-11-01,Karnataka,4W,270,2024,11
2024-11-01,Tamil Nadu,2W,2306,2024,11
2024-11-01,Tamil Nadu,3W,659,2024,11
2024-11-01,Tamil Nadu,4W,329,2024,11
2024-11-01,Delhi,2W,1526,2024,11
2024-11-01,Delhi,3W,436,2024,11
2024-11-01,Delhi,4W,218,2024,11
2024-11-01,Gujarat,2W,1634,2024,11
2024-11-01,Gujarat,3W,466,2024,11
2024-11-01,Gujarat,4W,233,2024,11
2024-11-01,Uttar Pradesh,2W,1728,2024,11
2024-11-01,Uttar Pradesh,3W,493,2024,11
2024-11-01,Uttar Pradesh,4W,246,2024,11
2024-11-01,Rajasthan,2W,1205,2024,11
2024-11-01,Rajasthan,3W,344,2024,11
2024-11-01,Rajasthan,4W,172,2024,11
2024-11-01,Telangana,2W,1480,2024,11
2024-11-01,Telangana,3W,422,2024,11
2024-11-01,Telangana,4W,211,2024,11
2024-11-01,West Bengal,2W,1594,2024,11
2024-11-01,West Bengal,3W,455,2024,11
2024-11-01,West Bengal,4W,227,2024,11
2024-11-01,Kerala,2W,2426,2024,11
2024-11-01,Kerala,3W,693,2024,11
2024-11-01,Kerala,4W,346,2024,11
2024-12-01,Maharashtra,2W,3413,2024,12
2024-12-01,Maharashtra,3W,975,2024,12
2024-12-01,Maharashtra,4W,487,2024,12
2024-12-01,Karnataka,2W,2518,2024,12
2024-12-01,Karnataka,3W,719,2024,12
2024-12-01,Karnataka,4W,359,2024,12
2024-12-01,Tamil Nadu,2W,2649,2024,12
2024-12-01,Tamil Nadu,3W,757,2024,12
2024-12-01,Tamil Nadu,4W,378,2024,12
2024-12-01,Delhi,2W,3208,2024,12
2024-12-01,Delhi,3W,916,2024,12
2024-12-01,Delhi,4W,458,2024,12
2024-12-01,Gujarat,2W,1141,2024,12
2024-12-01,Gujarat,3W,326,2024,12
2024-12-01,Gujarat,4W,163,2024,12
2024-12-01,Uttar Pradesh,2W,1722,2024,12
2024-12-01,Uttar Pradesh,3W,492,2024,12
2024-12-01,Uttar Pradesh,4W,246,2024,12
2024-12-01,Rajasthan,2W,700,2024,12
2024-12-01,Rajasthan,3W,200,2024,12
2024-12-01,Rajasthan,4W,100,2024,12
2024-12-01,Telangana,2W,1100,2024,12
2024-12-01,Telangana,3W,314,2024,12
2024-12-01,Telangana,4W,157,2024,12
2024-12-01,West Bengal,2W,913,2024,12
2024-12-01,West Bengal,3W,261,2024,12
2024-12-01,West Bengal,4W,130,2024,12
2024-12-01,Kerala,2W,2175,2024,12
2024-12-01,Kerala,3W,621,2024,12
2024-12-01,Kerala,4W,310,2024,12
2025-01-01,Maharashtra,2W,3178,2025,1
2025-01-01,Maharashtra,3W,908,2025,1
2025-01-01,Maharashtra,4W,454,2025,1
2025-01-01,Karnataka,2W,3062,2025,1
2025-01-01,Karnataka,3W,874,2025,1
2025-01-01,Karnataka,4W,437,2025,1
2025-01-01,Tamil Nadu,2W,3251,2025,1
2025-01-01,Tamil Nadu,3W,929,2025,1
2025-01-01,Tamil Nadu,4W,464,2025,1
2025-01-01,Delhi,2W,2804,2025,1
2025-01-01,Delhi,3W,801,2025,1
2025-01-01,Delhi,4W,400,2025,1
2025-01-01,Gujarat,2W,3069,2025,1
2025-01-01,Gujarat,3W,876,2025,1
2025-01-01,Gujarat,4W,438,2025,1
2025-01-01,Uttar Pradesh,2W,1247,2025,1
2025-01-01,Uttar Pradesh,3W,356,2025,1
2025-01-01,Uttar Pradesh,4W,178,2025,1
2025-01-01,Rajasthan,2W,2143,2025,1
2025-01-01,Rajasthan,3W,612,2025,1
2025-01-01,Rajasthan,4W,306,2025,1
2025-01-01,Telangana,2W,3118,2025,1
2025-01-01,Telangana,3W,891,2025,1
2025-01-01,Telangana,4W,445,2025,1
2025-01-01,West Bengal,2W,786,2025,1
2025-01-01,West Bengal,3W,224,2025,1
2025-01-01,West Bengal,4W,112,2025,1
2025-01-01,Kerala,2W,2412,2025,1
2025-01-01,Kerala,3W,689,2025,1
2025-01-01,Kerala,4W,344,2025,1
2025-02-01,Maharashtra,2W,3458,2025,2
2025-02-01,Maharashtra,3W,988,2025,2
2025-02-01,Maharashtra,4W,494,2025,2
2025-02-01,Karnataka,2W,1557,2025,2
2025-02-01,Karnataka,3W,444,2025,2
2025-02-01,Karnataka,4W,222,2025,2
2025-02-01,Tamil Nadu,2W,2710,2025,2
2025-02-01,Tamil Nadu,3W,774,2025,2
2025-02-01,Tamil Nadu,4W,387,2025,2
2025-02-01,Delhi,2W,4567,2025,2
2025-02-01,Delhi,3W,1305,2025,2
2025-02-01,Delhi,4W,652,2025,2
2025-02-01,Gujarat,2W,3708,2025,2
2025-02-01,Gujarat,3W,1059,2025,2
2025-02-01,Gujarat,4W,529,2025,2
2025-02-01,Uttar Pradesh,2W,2468,2025,2
2025-02-01,Uttar Pradesh,3W,705,2025,2
2025-02-01,Uttar Pradesh,4W,352,2025,2
2025-02-01,Rajasthan,2W,2206,2025,2
2025-02-01,Rajasthan,3W,630,2025,2
2025-02-01,Rajasthan,4W,315,2025,2
2025-02-01,Telangana,2W,3139,2025,2
2025-02-01,Telangana,3W,896,2025,2
2025-02-01,Telangana,4W,448,2025,2
2025-02-01,West Bengal,2W,2027,2025,2
2025-02-01,West Bengal,3W,579,2025,2
2025-02-01,West Bengal,4W,289,2025,2
2025-02-01,Kerala,2W,3139,2025,2
2025-02-01,Kerala,3W,897,2025,2
2025-02-01,Kerala,4W,448,2025,2
2025-03-01,Maharashtra,2W,3238,2025,3
2025-03-01,Maharashtra,3W,925,2025,3
2025-03-01,Maharashtra,4W,462,2025,3
2025-03-01,Karnataka,2W,3181,2025,3
2025-03-01,Karnataka,3W,909,2025,3
2025-03-01,Karnataka,4W,454,2025,3
2025-03-01,Tamil Nadu,2W,3489,2025,3
2025-03-01,Tamil Nadu,3W,997,2025,3
2025-03-01,Tamil Nadu,4W,498,2025,3
2025-03-01,Delhi,2W,3469,2025,3
2025-03-01,Delhi,3W,991,2025,3
2025-03-01,Delhi,4W,495,2025,3
2025-03-01,Gujarat,2W,3427,2025,3
2025-03-01,Gujarat,3W,979,2025,3
2025-03-01,Gujarat,4W,489,2025,3
2025-03-01,Uttar Pradesh,2W,2525,2025,3
2025-03-01,Uttar Pradesh,3W,721,2025,3
2025-03-01,Uttar Pradesh,4W,360,2025,3
2025-03-01,Rajasthan,2W,1076,2025,3
2025-03-01,Rajasthan,3W,307,2025,3
2025-03-01,Rajasthan,4W,153,2025,3
2025-03-01,Telangana,2W,1301,2025,3
2025-03-01,Telangana,3W,371,2025,3
2025-03-01,Telangana,4W,185,2025,3
2025-03-01,West Bengal,2W,1125,2025,3
2025-03-01,West Bengal,3W,321,2025,3
2025-03-01,West Bengal,4W,160,2025,3
2025-03-01,Kerala,2W,1920,2025,3
2025-03-01,Kerala,3W,548,2025,3
2025-03-01,Kerala,4W,274,2025,3
2025-04-01,Maharashtra,2W,3855,2025,4
2025-04-01,Maharashtra,3W,1101,2025,4
2025-04-01,Maharashtra,4W,550,2025,4
2025-04-01,Karnataka,2W,4364,2025,4
2025-04-01,Karnataka,3W,1246,2025,4
2025-04-01,Karnataka,4W,623,2025,4
2025-04-01,Tamil Nadu,2W,2279,2025,4
2025-04-01,Tamil Nadu,3W,651,2025,4
2025-04-01,Tamil Nadu,4W,325,2025,4
2025-04-01,Delhi,2W,2986,2025,4
2025-04-01,Delhi,3W,853,2025,4
2025-04-01,Delhi,4W,426,2025,4
2025-04-01,Gujarat,2W,2985,2025,4
2025-04-01,Gujarat,3W,853,2025,4
2025-04-01,Gujarat,4W,426,2025,4
2025-04-01,Uttar Pradesh,2W,1022,2025,4
2025-04-01,Uttar Pradesh,3W,292,2025,4
2025-04-01,Uttar Pradesh,4W,146,2025,4
2025-04-01,Rajasthan,2W,1615,2025,4
2025-04-01,Rajasthan,3W,461,2025,4
2025-04-01,Rajasthan,4W,230,2025,4
2025-04-01,Telangana,2W,2900,2025,4
2025-04-01,Telangana,3W,828,2025,4
2025-04-01,Telangana,4W,414,2025,4
2025-04-01,West Bengal,2W,1346,2025,4
2025-04-01,West Bengal,3W,384,2025,4
2025-04-01,West Bengal,4W,192,2025,4
2025-04-01,Kerala,2W,1467,2025,4
2025-04-01,Kerala,3W,419,2025,4
2025-04-01,Kerala,4W,209,2025,4
2025-05-01,Maharashtra,2W,3083,2025,5
2025-05-01,Maharashtra,3W,880,2025,5
2025-05-01,Maharashtra,4W,440,2025,5
2025-05-01,Karnataka,2W,1686,2025,5
2025-05-01,Karnataka,3W,481,2025,5
2025-05-01,Karnataka,4W,240,2025,5
2025-05-01,Tamil Nadu,2W,2347,2025,5
2025-05-01,Tamil Nadu,3W,670,2025,5
2025-05-01,Tamil Nadu,4W,335,2025,5
2025-05-01,Delhi,2W,3284,2025,5
2025-05-01,Delhi,3W,938,2025,5
2025-05-01,Delhi,4W,469,2025,5
2025-05-01,Gujarat,2W,2133,2025,5
2025-05-01,Gujarat,3W,609,2025,5
2025-05-01,Gujarat,4W,304,2025,5
2025-05-01,Uttar Pradesh,2W,2532,2025,5
2025-05-01,Uttar Pradesh,3W,723,2025,5
2025-05-01,Uttar Pradesh,4W,361,2025,5
2025-05-01,Rajasthan,2W,988,2025,5
2025-05-01,Rajasthan,3W,282,2025,5
2025-05-01,Rajasthan,4W,141,2025,5
2025-05-01,Telangana,2W,3809,2025,5
2025-05-01,Telangana,3W,1088,2025,5
2025-05-01,Telangana,4W,544,2025,5
2025-05-01,West Bengal,2W,1617,2025,5
2025-05-01,West Bengal,3W,462,2025,5
2025-05-01,West Bengal,4W,231,2025,5
2025-05-01,Kerala,2W,2707,2025,5
2025-05-01,Kerala,3W,773,2025,5
2025-05-01,Kerala,4W,386,2025,5
2025-06-01,Maharashtra,2W,4075,2025,6
2025-06-01,Maharashtra,3W,1164,2025,6
2025-06-01,Maharashtra,4W,582,2025,6
2025-06-01,Karnataka,2W,2355,2025,6
2025-06-01,Karnataka,3W,673,2025,6
2025-06-01,Karnataka,4W,336,2025,6
2025-06-01,Tamil Nadu,2W,3651,2025,6
2025-06-01,Tamil Nadu,3W,1043,2025,6
2025-06-01,Tamil Nadu,4W,521,2025,6
2025-06-01,Delhi,2W,3340,2025,6
2025-06-01,Delhi,3W,954,2025,6
2025-06-01,Delhi,4W,477,2025,6
2025-06-01,Gujarat,2W,2292,2025,6
2025-06-01,Gujarat,3W,654,2025,6
2025-06-01,Gujarat,4W,327,2025,6
2025-06-01,Uttar Pradesh,2W,1491,2025,6
2025-06-01,Uttar Pradesh,3W,426,2025,6
2025-06-01,Uttar Pradesh,4W,213,2025,6
2025-06-01,Rajasthan,2W,1480,2025,6
2025-06-01,Rajasthan,3W,422,2025,6
2025-06-01,Rajasthan,4W,211,2025,6
2025-06-01,Telangana,2W,1933,2025,6
2025-06-01,Telangana,3W,552,2025,6
2025-06-01,Telangana,4W,276,2025,6
2025-06-01,West Bengal,2W,1043,2025,6
2025-06-01,West Bengal,3W,298,2025,6
2025-06-01,West Bengal,4W,149,2025,6
2025-06-01,Kerala,2W,2478,2025,6
2025-06-01,Kerala,3W,708,2025,6
2025-06-01,Kerala,4W,354,2025,6
2025-07-01,Maharashtra,2W,4071,2025,7
2025-07-01,Maharashtra,3W,1163,2025,7
2025-07-01,Maharashtra,4W,581,2025,7
2025-07-01,Karnataka,2W,3771,2025,7
2025-07-01,Karnataka,3W,1077,2025,7
2025-07-01,Karnataka,4W,538,2025,7
2025-07-01,Tamil Nadu,2W,3478,2025,7
2025-07-01,Tamil Nadu,3W,993,2025,7
2025-07-01,Tamil Nadu,4W,496,2025,7
2025-07-01,Delhi,2W,2298,2025,7
2025-07-01,Delhi,3W,656,2025,7
2025-07-01,Delhi,4W,328,2025,7
2025-07-01,Gujarat,2W,3451,2025,7
2025-07-01,Gujarat,3W,986,2025,7
2025-07-01,Gujarat,4W,493,2025,7
2025-07-01,Uttar Pradesh,2W,1914,2025,7
2025-07-01,Uttar Pradesh,3W,547,2025,7
2025-07-01,Uttar Pradesh,4W,273,2025,7
2025-07-01,Rajasthan,2W,1602,2025,7
2025-07-01,Rajasthan,3W,457,2025,7
2025-07-01,Rajasthan,4W,228,2025,7
2025-07-01,Telangana,2W,2619,2025,7
2025-07-01,Telangana,3W,748,2025,7
2025-07-01,Telangana,4W,374,2025,7
2025-07-01,West Bengal,2W,2110,2025,7
2025-07-01,West Bengal,3W,603,2025,7
2025-07-01,West Bengal,4W,301,2025,7
2025-07-01,Kerala,2W,3288,2025,7
2025-07-01,Kerala,3W,939,2025,7
2025-07-01,Kerala,4W,469,2025,7
2025-08-01,Maharashtra,2W,3979,2025,8
2025-08-01,Maharashtra,3W,1137,2025,8
2025-08-01,Maharashtra,4W,568,2025,8
2025-08-01,Karnataka,2W,3209,2025,8
2025-08-01,Karnataka,3W,916,2025,8
2025-08-01,Karnataka,4W,458,2025,8
2025-08-01,Tamil Nadu,2W,3223,2025,8
2025-08-01,Tamil Nadu,3W,920,2025,8
2025-08-01,Tamil Nadu,4W,460,2025,8
2025-08-01,Delhi,2W,3687,2025,8
2025-08-01,Delhi,3W,1053,2025,8
2025-08-01,Delhi,4W,526,2025,8
2025-08-01,Gujarat,2W,2377,2025,8
2025-08-01,Gujarat,3W,679,2025,8
2025-08-01,Gujarat,4W,339,2025,8
2025-08-01,Uttar Pradesh,2W,2173,2025,8
2025-08-01,Uttar Pradesh,3W,621,2025,8
2025-08-01,Uttar Pradesh,4W,310,2025,8
2025-08-01,Rajasthan,2W,1959,2025,8
2025-08-01,Rajasthan,3W,559,2025,8
2025-08-01,Rajasthan,4W,279,2025,8
2025-08-01,Telangana,2W,2609,2025,8
2025-08-01,Telangana,3W,745,2025,8
2025-08-01,Telangana,4W,372,2025,8
2025-08-01,West Bengal,2W,1637,2025,8
2025-08-01,West Bengal,3W,467,2025,8
2025-08-01,West Bengal,4W,233,2025,8
2025-08-01,Kerala,2W,1488,2025,8
2025-08-01,Kerala,3W,425,2025,8
2025-08-01,Kerala,4W,212,2025,8
2025-09-01,Maharashtra,2W,3005,2025,9
2025-09-01,Maharashtra,3W,858,2025,9
2025-09-01,Maharashtra,4W,429,2025,9
2025-09-01,Karnataka,2W,3664,2025,9
2025-09-01,Karnataka,3W,1046,2025,9
2025-09-01,Karnataka,4W,523,2025,9
2025-09-01,Tamil Nadu,2W,2316,2025,9
2025-09-01,Tamil Nadu,3W,661,2025,9
2025-09-01,Tamil Nadu,4W,330,2025,9
2025-09-01,Delhi,2W,2867,2025,9
2025-09-01,Delhi,3W,819,2025,9
2025-09-01,Delhi,4W,409,2025,9
2025-09-01,Gujarat,2W,2008,2025,9
2025-09-01,Gujarat,3W,573,2025,9
2025-09-01,Gujarat,4W,286,2025,9
2025-09-01,Uttar Pradesh,2W,982,2025,9
2025-09-01,Uttar Pradesh,3W,280,2025,9
2025-09-01,Uttar Pradesh,4W,140,2025,9
2025-09-01,Rajasthan,2W,1766,2025,9
2025-09-01,Rajasthan,3W,504,2025,9
2025-09-01,Rajasthan,4W,252,2025,9
2025-09-01,Telangana,2W,1850,2025,9
2025-09-01,Telangana,3W,528,2025,9
2025-09-01,Telangana,4W,264,2025,9
2025-09-01,West Bengal,2W,941,2025,9
2025-09-01,West Bengal,3W,268,2025,9
2025-09-01,West Bengal,4W,134,2025,9
2025-09-01,Kerala,2W,3300,2025,9
2025-09-01,Kerala,3W,942,2025,9
2025-09-01,Kerala,4W,471,2025,9
2025-10-01,Maharashtra,2W,6323,2025,10
2025-10-01,Maharashtra,3W,1806,2025,10
2025-10-01,Maharashtra,4W,903,2025,10
2025-10-01,Karnataka,2W,3825,2025,10
2025-10-01,Karnataka,3W,1093,2025,10
2025-10-01,Karnataka,4W,546,2025,10
2025-10-01,Tamil Nadu,2W,2670,2025,10
2025-10-01,Tamil Nadu,3W,763,2025,10
2025-10-01,Tamil Nadu,4W,381,2025,10
2025-10-01,Delhi,2W,2909,2025,10
2025-10-01,Delhi,3W,831,2025,10
2025-10-01,Delhi,4W,415,2025,10
2025-10-01,Gujarat,2W,4238,2025,10
2025-10-01,Gujarat,3W,1210,2025,10
2025-10-01,Gujarat,4W,605,2025,10
2025-10-01,Uttar Pradesh,2W,1388,2025,10
2025-10-01,Uttar Pradesh,3W,396,2025,10
2025-10-01,Uttar Pradesh,4W,198,2025,10
2025-10-01,Rajasthan,2W,2151,2025,10
2025-10-01,Rajasthan,3W,614,2025,10
2025-10-01,Rajasthan,4W,307,2025,10
2025-10-01,Telangana,2W,2990,2025,10
2025-10-01,Telangana,3W,854,2025,10
2025-10-01,Telangana,4W,427,2025,10
2025-10-01,West Bengal,2W,1581,2025,10
2025-10-01,West Bengal,3W,451,2025,10
2025-10-01,West Bengal,4W,225,2025,10
2025-10-01,Kerala,2W,1445,2025,10
2025-10-01,Kerala,3W,413,2025,10
2025-10-01,Kerala,4W,206,2025,10
2025-11-01,Maharashtra,2W,4099,2025,11
2025-11-01,Maharashtra,3W,1171,2025,11
2025-11-01,Maharashtra,4W,585,2025,11
2025-11-01,Karnataka,2W,2642,2025,11
2025-11-01,Karnataka,3W,755,2025,11
2025-11-01,Karnataka,4W,377,2025,11
2025-11-01,Tamil Nadu,2W,2731,2025,11
2025-11-01,Tamil Nadu,3W,780,2025,11
2025-11-01,Tamil Nadu,4W,390,2025,11
2025-11-01,Delhi,2W,3095,2025,11
2025-11-01,Delhi,3W,884,2025,11
2025-11-01,Delhi,4W,442,2025,11
2025-11-01,Gujarat,2W,4019,2025,11
2025-11-01,Gujarat,3W,1148,2025,11
2025-11-01,Gujarat,4W,574,2025,11
2025-11-01,Uttar Pradesh,2W,3054,2025,11
2025-11-01,Uttar Pradesh,3W,872,2025,11
2025-11-01,Uttar Pradesh,4W,436,2025,11
2025-11-01,Rajasthan,2W,2500,2025,11
2025-11-01,Rajasthan,3W,714,2025,11
2025-11-01,Rajasthan,4W,357,2025,11
2025-11-01,Telangana,2W,2897,2025,11
2025-11-01,Telangana,3W,827,2025,11
2025-11-01,Telangana,4W,413,2025,11
2025-11-01,West Bengal,2W,1915,2025,11
2025-11-01,West Bengal,3W,547,2025,11
2025-11-01,West Bengal,4W,273,2025,11
2025-11-01,Kerala,2W,3702,2025,11
2025-11-01,Kerala,3W,1057,2025,11
2025-11-01,Kerala,4W,528,2025,11
2025-12-01,Maharashtra,2W,4936,2025,12
2025-12-01,Maharashtra,3W,1410,2025,12
2025-12-01,Maharashtra,4W,705,2025,12
2025-12-01,Karnataka,2W,4072,2025,12
2025-12-01,Karnataka,3W,1163,2025,12
2025-12-01,Karnataka,4W,581,2025,12
2025-12-01,Tamil Nadu,2W,3441,2025,12
2025-12-01,Tamil Nadu,3W,983,2025,12
2025-12-01,Tamil Nadu,4W,491,2025,12
2025-12-01,Delhi,2W,2771,2025,12
2025-12-01,Delhi,3W,791,2025,12
2025-12-01,Delhi,4W,395,2025,12
2025-12-01,Gujarat,2W,2463,2025,12
2025-12-01,Gujarat,3W,703,2025,12
2025-12-01,Gujarat,4W,351,2025,12
2025-12-01,Uttar Pradesh,2W,1557,2025,12
2025-12-01,Uttar Pradesh,3W,444,2025,12
2025-12-01,Uttar Pradesh,4W,222,2025,12
2025-12-01,Rajasthan,2W,1152,2025,12
2025-12-01,Rajasthan,3W,329,2025,12
2025-12-01,Rajasthan,4W,164,2025,12
2025-12-01,Telangana,2W,1683,2025,12
2025-12-01,Telangana,3W,481,2025,12
2025-12-01,Telangana,4W,240,2025,12
2025-12-01,West Bengal,2W,2076,2025,12
2025-12-01,West Bengal,3W,593,2025,12
2025-12-01,West Bengal,4W,296,2025,12
2025-12-01,Kerala,2W,3409,2025,12
2025-12-01,Kerala,3W,974,2025,12
2025-12-01,Kerala,4W,487,2025,12
